{
    "interactionModel": {
        "languageModel": {
            "invocationName": "wonders of the world",
            "intents": [
                {
                    "name": "AMAZON.CancelIntent",
                    "samples": []
                },
                {
                    "name": "AMAZON.HelpIntent",
                    "samples": []
                },
                {
                    "name": "AMAZON.StopIntent",
                    "samples": []
                },
                {
                    "name": "HelloWorldIntent",
                    "slots": [],
                    "samples": [
                        "which are the seven wonders of the world",
                        "what are seven wonders of the world",
                        "tell me about seven wonders of the world"
                    ]
                },
                {
                    "name": "AMAZON.NavigateHomeIntent",
                    "samples": []
                },
                {
                    "name": "TajMahalIntent",
                    "slots": [],
                    "samples": [
                        "Taj Mahal",
                        "tell me about Taj Mahal"
                    ]
                },
                {
                    "name": "ColosseumIntent",
                    "slots": [],
                    "samples": [
                        "tell me about Colosseum",
                        "Colosseum"
                    ]
                },
                {
                    "name": "PetraIntent",
                    "slots": [],
                    "samples": [
                        "Petra",
                        "tell me about Petra"
                    ]
                },
                {
                    "name": "MachuPicchuIntent",
                    "slots": [],
                    "samples": [
                        "tell me about Machu Picchu",
                        "Machu Picchu"
                    ]
                },
                {
                    "name": "ChristtheRedeemerIntent",
                    "slots": [],
                    "samples": [
                        "tell me about Christ the Redeemer",
                        "Christ the Redeemer"
                    ]
                },
                {
                    "name": "ElCastilloIntent",
                    "slots": [],
                    "samples": [
                        "tell me about El Castillo",
                        "El Castillo"
                    ]
                },
                {
                    "name": "GreatWallofChinaIntent",
                    "slots": [],
                    "samples": [
                        "tell me about Great Wall of China",
                        "Great Wall of China"
                    ]
                },
                {
                    "name": "AMAZON.ResumeIntent",
                    "samples": []
                },
                {
                    "name": "AMAZON.PauseIntent",
                    "samples": []
                },
                {
                    "name": "AMAZON.ScrollDownIntent",
                    "samples": []
                },
                {
                    "name": "AMAZON.ScrollLeftIntent",
                    "samples": []
                },
                {
                    "name": "AMAZON.ScrollRightIntent",
                    "samples": []
                },
                {
                    "name": "AMAZON.ScrollUpIntent",
                    "samples": []
                },
                {
                    "name": "AMAZON.YesIntent",
                    "samples": []
                },
                {
                    "name": "AMAZON.NoIntent",
                    "samples": []
                },
                {
                    "name": "AMAZON.MoreIntent",
                    "samples": []
                },
                {
                    "name": "AMAZON.NavigateSettingsIntent",
                    "samples": []
                },
                {
                    "name": "AMAZON.NextIntent",
                    "samples": []
                },
                {
                    "name": "AMAZON.PageUpIntent",
                    "samples": []
                },
                {
                    "name": "AMAZON.PageDownIntent",
                    "samples": []
                },
                {
                    "name": "AMAZON.PreviousIntent",
                    "samples": []
                }
            ],
            "types": []
        }
    }
}
