{
    "bodyTemplate7Data": {
        "type": "object",
        "objectId": "bt7Sample",
        "title": " ",
        "backgroundImage": {
            "contentDescription": null,
            "smallSourceUrl": null,
            "largeSourceUrl": null,
            "sources": [
                {
                    "url": "https://d2o906d8ln7ui1.cloudfront.net/images/BT7_Background.png",
                    "size": "small",
                    "widthPixels": 0,
                    "heightPixels": 0
                },
                {
                    "url": "https://d2o906d8ln7ui1.cloudfront.net/images/BT7_Background.png",
                    "size": "large",
                    "widthPixels": 0,
                    "heightPixels": 0
                }
            ]
        },
        "image": {
            "contentDescription": null,
            "smallSourceUrl": null,
            "largeSourceUrl": null,
            "sources": [
                {
                    "url": "https://d2o906d8ln7ui1.cloudfront.net/images/MollyforBT7.png",
                    "size": "small",
                    "widthPixels": 0,
                    "heightPixels": 0
                },
                {
                    "url": "https://d2o906d8ln7ui1.cloudfront.net/images/MollyforBT7.png",
                    "size": "large",
                    "widthPixels": 0,
                    "heightPixels": 0
                }
            ]
        },
        "logoUrl": "https://d2o906d8ln7ui1.cloudfront.net/images/cheeseskillicon.png",
        "hintText": "Try, \"Alexa, search for blue cheese\""
    }
}
